rtt_mean,rtt_var,rssi_mean,rssi_var,gmm_mean_1,gmm_mean_2,gmm_var_1,gmm_var_2,gmm_weight_1,gmm_weight_2,label
1.05,0.5375,31.995,0.0049749999999999985,2.9999999999999987,1.0000354324135379,1e-06,0.45134591984753963,0.024982726392377436,0.9750172736076226,1
1.115,0.6917750000000001,31.955,0.042975000000000006,0.7415092405369973,2.032698381793559,0.3036330723337143,0.46055381266976403,0.7107389246632528,0.28926107533674716,1
1.11,0.6579,32.0,0.0,0.8165539411278296,2.049837155836372,0.37321409274729095,0.4105993108318763,0.7620610940192521,0.23793890598074788,1
1.07,0.6350999999999999,32.0,0.0,1.9539018085397006,0.7540493783014267,0.4788411939944234,0.31186193227537085,0.26332456703515617,0.7366754329648438,1
1.145,0.603975,32.0,0.0,2.1149638140010536,0.7421271961326263,0.10985515497374271,0.25612970665064794,0.2934601238222387,0.7065398761777614,1
1.1,0.6,31.985,0.014775000000000003,2.0963815005866784,0.752140277396471,0.24209037683458517,0.25734846009199425,0.25877775253609336,0.7412222474639066,1
1.145,0.543975,32.0,0.0,1.3877554527265827,0.0,0.3224208381942848,1e-06,0.8250733209157055,0.17492667908429457,1
1.075,0.629375,31.94,0.0564,3.4569033296289278,1.0253912197036794,0.30486200890059184,0.5155104226883215,0.020402440149823623,0.9795975598501764,1
1.14,0.6404,32.0,0.0,2.032053087620033,0.8351928956135234,0.35789956409688145,0.37211789639391757,0.2546722720182338,0.7453277279817663,1
1.1,0.57,32.0,0.0,2.088440757653526,0.7184561741070199,0.08269846587274653,0.23539342562481871,0.2785022769418849,0.7214977230581151,1
1.025,0.5743750000000001,32.0,0.0,1.3310016600609684,0.0,0.3385601639384338,1e-06,0.7700967104376482,0.22990328956235184,1
1.085,0.6277750000000001,32.0,0.0,1.356018217406556,0.0,0.4170800018208403,1e-06,0.8001367430557904,0.19986325694420964,1
1.13,0.5730999999999999,32.0,0.0,1.394926903658014,0.0,0.3379098199708238,1e-06,0.8100782894334625,0.18992171056653748,1
1.015,0.564775,32.0,0.0,0.746508139145496,2.057747945388845,0.29854754717872956,0.23144088226893553,0.795238171098754,0.20476182890124595,1
1.09,0.6219,32.0,0.0,0.7423363380997312,2.104777729691393,0.26664298280868937,0.27627032379365163,0.7448230330890692,0.2551769669109309,1
1.085,0.487775,32.0,0.0,2.0584710649695896,0.7741968367366401,0.05520187042162931,0.2267288078459296,0.2420068521432503,0.7579931478567498,1
1.05,0.6275,32.0,0.0,0.748445888273813,2.0630894407929845,0.32092510465680796,0.32560992784673454,0.7706191072490047,0.2293808927509953,1
0.98,0.5896,32.0,0.0,0.6925314405813506,2.0,0.3799129973595638,1e-06,0.78013348210341,0.21986651789658995,1
1.01,0.5298999999999999,32.0,0.0,1.2964502186662616,-0.0671650550584768,0.2634359007379892,0.06307545441137356,0.7899332574327813,0.21006674256721872,1
1.075,0.7893750000000002,32.0,0.0,1.40490051874304,0.0,0.5681453082078266,1e-06,0.7651787337667143,0.23482126623328567,1
1.045,0.5929749999999998,32.0,0.0,0.7102851903005246,2.1209979007596784,0.26899130045954284,0.11655621470094565,0.7627335408422514,0.2372664591577486,1
1.12,0.7056,31.985,0.014775000000000003,2.152401239338612,0.7200537116387202,0.32635943914229065,0.27965491701438033,0.27922433671074615,0.7207756632892539,1
1.16,0.6044,32.0,0.0,0.0,1.4144718923255026,1e-06,0.37704629171312065,0.1799059378317733,0.8200940621682267,1
1.07,0.4951,32.0,0.0,2.059551532303039,0.7636588109133932,0.056181366274228824,0.23399457148897998,0.23639394220696183,0.7636060577930381,1
1.035,0.5937749999999999,32.0,0.0,1.370726194551163,0.0,0.3261919690666367,1e-06,0.7550742111110714,0.24492578888892866,1
1.145,0.6939749999999999,32.0,0.0,0.0,1.4400389840216477,1e-06,0.4479290414965062,0.2048826367170159,0.795117363282984,1
1.135,0.6867750000000001,32.0,0.0,1.0574179947371785,3.1069403677243272,0.5507749433846241,0.10204651459528248,0.9621462998963278,0.03785370010367216,1
1.13,0.5630999999999999,32.0,0.0,0.7746427841110658,2.096532751856791,0.22991203705173238,0.19168858084308174,0.7311748900742926,0.2688251099257074,1
1.18,0.5976,32.0,0.0,2.1571988887428177,0.7736897434290807,0.15853897765541713,0.21802497074272606,0.29368093297191694,0.706319067028083,1
1.05,0.8075,32.0,0.0,1.3632486047795418,0.0,0.6213683702608462,1e-06,0.7702190167799956,0.2297809832200044,1
1.045,0.6029749999999999,32.0,0.0,2.0856023670553974,0.7203998921289104,0.24346339242131412,0.271975628458914,0.23776700806857973,0.7622329919314202,1
1.08,0.5336,32.0,0.0,1.3583829000334908,0.0,0.2929922025048762,1e-06,0.7950630120368659,0.20493698796313414,1
1.15,0.5875,32.0,0.0,2.150582067423331,0.765290357161616,0.15074478856319265,0.2224925024349305,0.2777102035539531,0.7222897964460469,1
1.05,0.6875,32.0,0.0,0.9872659098458486,3.1504436206656723,0.5678247220051423,0.15083271634393816,0.9709991047705574,0.029000895229442634,1
1.12,0.6656,32.0,0.0,0.7730599743261437,2.09969795282551,0.31712562211614925,0.3499300072576207,0.7384817626988943,0.26151823730110557,1
1.14,0.6404,32.0,0.0,0.7896497142037184,1.9977603984753234,0.2895111641169979,0.46321287361185315,0.7100015003943841,0.2899984996056159,1
1.105,0.6939750000000001,31.98,0.019599999999999996,0.0,1.4255944855958722,1e-06,0.4382817607527544,0.22488476830903958,0.7751152316909604,1
1.06,0.7463999999999998,32.0,0.0,1.3763038057378338,0.0,0.5337964916037701,1e-06,0.770178790163074,0.2298212098369259,1
1.15,0.7575,32.0,0.0,2.1622276685175525,0.7318360336054898,0.35937178851394713,0.3238349393758742,0.2923422901730116,0.7076577098269883,1
1.025,0.6243750000000001,32.0,0.0,2.059793643043511,0.7424872241827013,0.3575238634665009,0.3250743792866083,0.214462460496937,0.785537539503063,1
0.695,0.761975,41.0,0.0,-0.22161640550265477,1.2281374048099907,0.2455720576131017,0.2894173113226378,0.36774340651328713,0.6322565934867129,2
0.735,0.9147749999999999,41.99,0.019899999999999994,-0.19828602205377896,1.0826843206478638,0.36267408745388874,0.6750815280427239,0.2714226153859088,0.7285773846140912,2
0.62,0.7656000000000001,41.0,0.0,1.0073846802765758,-0.21247398279055602,0.49347318286389263,0.33489205391791044,0.6824347836309484,0.31756521636905155,2
0.65,0.8075,41.795,0.16297499999999998,0.4395745917140207,1.9999999999999998,0.6050134146511836,1e-06,0.8651486913962027,0.1348513086037974,2
0.675,0.859375,41.865,0.116775,1.1900570356699078,-0.19240437527692408,0.49927616994297197,0.26666482506180406,0.6274347829230534,0.3725652170769465,2
0.67,1.0411,42.0,0.0,1.1426206325011679,-0.36281583021445507,0.6520748421769305,0.33639957509390755,0.6860574031476447,0.3139425968523553,2
0.665,1.0827749999999998,42.0,0.0,0.9470172616152555,0.1055549259326915,1.128925550614522,0.5204759615233184,0.664848621671828,0.335151378328172,2
0.6,0.84,42.0,0.0,1.0441170271546107,-0.2961871775399543,0.49243808151727914,0.3401874540332492,0.6686446065012401,0.33135539349875986,2
0.54,0.6883999999999999,42.0,0.0,-0.21636490956072266,1.1554031642216627,0.22719839082043042,0.21946007479301904,0.448620416222989,0.551379583777011,2
0.72,0.8815999999999999,41.99,0.0199,1.0463437412392793,-0.16503866789728386,0.6771697190957999,0.36389487820645505,0.730602212168585,0.269397787831415,2
0.67,0.8111000000000002,40.995,0.004975,-0.22809821133288366,1.1308156039398922,0.296772945191401,0.4487948428984488,0.3391058349402323,0.6608941650597677,2
0.54,0.8884000000000001,42.0,0.0,1.0383382918764499,-0.2428730608269572,0.5947156226396638,0.34674521210239473,0.6110413080363866,0.3889586919636134,2
0.645,0.9989750000000001,42.0,0.0,1.1142188019561825,-0.3580035207732415,0.6177822547317191,0.3371727220778771,0.6812853638258428,0.31871463617415713,2
0.56,0.8664000000000001,42.0,0.0,1.1757228666187114,-0.2629830502609534,0.40828207980996667,0.2946980179469296,0.5720300727238823,0.4279699272761177,2
0.615,0.8167750000000001,41.465,0.24877500000000002,0.8043313028469171,-0.9999999999999998,0.5709125912080416,1e-06,0.895068437515779,0.104931562484221,2
0.485,0.9097749999999999,42.0,0.0,-0.16653718851189858,0.9317394678653274,0.4050567275022941,0.7652033065062002,0.40676405646182195,0.5932359435381781,2
0.695,0.861975,42.0,0.0,0.5746944381241813,1.8828676428169249,0.7061463690487144,0.8466629763331679,0.9080354486361175,0.09196455136388253,2
0.575,0.804375,41.98,0.019600000000000003,-0.23386582587829022,1.1813477172946143,0.2701211564398151,0.3467563904472302,0.42844962883494314,0.5715503711650568,2
0.67,0.7511,41.09,0.08190000000000001,0.8350636776662701,-0.9999999999999998,0.5224377593522167,1e-06,0.9100501635582537,0.08994983644174617,2
0.645,0.8289750000000001,41.0,0.0,0.9542798033399732,-0.16726901951799705,0.6452605985435298,0.4004728346096854,0.7242386626095735,0.27576133739042646,2
0.605,0.7289749999999998,41.65,0.2275,-0.9999999999999998,0.7932068725917175,1e-06,0.4769638279251118,0.10495547137832636,0.8950445286216736,2
0.6,0.89,41.8,0.15999999999999998,1.065397646306662,-0.25702596510274667,0.5708562139269724,0.3443521454826042,0.6480721893564406,0.35192781064355927,2
0.555,0.9169749999999999,42.0,0.0,0.8292792189557354,-0.9999999999999999,0.5769836807155856,1e-06,0.850061589224027,0.149938410775973,2
0.51,0.8599,42.0,0.0,-0.2507249627141072,0.9736296967923113,0.3653065337861079,0.5936882332045537,0.3786727098986305,0.6213272901013696,2
0.62,0.9155999999999999,42.0,0.0,0.9885681777833791,-0.2034788743225627,0.7040965637226239,0.40653233422005414,0.6908107132749126,0.3091892867250875,2
0.63,0.8031,42.0,0.0,0.8521874231423037,-0.9999999999999999,0.5010398563463395,1e-06,0.880040529178546,0.11995947082145399,2
0.68,0.7875999999999999,41.0,0.0,1.1843384580734702,-0.172337722416906,0.43940930310917503,0.21970263676795412,0.6282543577265614,0.3717456422734387,2
0.615,0.896775,42.0,0.0,-0.33524594683253095,1.0995976053769816,0.32891646048858453,0.4910459861587695,0.3377355005922079,0.662264499407792,2
0.715,1.0237749999999999,41.995,0.004975000000000002,1.1377942009634976,-0.3297544830777232,0.6754327350770438,0.3513288683556297,0.7119044801980675,0.28809551980193243,2
0.73,0.9070999999999999,42.0,0.0,0.5296493280443,2.1921312976439737,0.6592546533435353,0.2850821965490287,0.879487010614652,0.12051298938534809,2
0.605,0.9089750000000001,42.0,0.0,0.5100015517788131,1.8185751788890572,0.7411926463745483,1.4643028889301566,0.9274030545526326,0.07259694544736742,2
0.64,0.8904,42.0,0.0,-0.20921888986521972,1.0722013634120702,0.34323146405334853,0.6150458196558368,0.3372830750151608,0.6627169249848393,2
0.6,0.91,42.0,0.0,1.1338630257079665,-0.26888218181833745,0.5228554823182864,0.3212745950697796,0.6194155411520406,0.3805844588479595,2
0.565,0.8257750000000001,42.0,0.0,-0.12630867312577596,0.9318736808795618,0.3837547674893655,0.6721349626984189,0.3467017565459329,0.6532982434540671,2
0.62,0.8855999999999997,41.82,0.1476,-0.9999999999999999,0.8407680053756604,1e-06,0.5999048286992442,0.11993255246231105,0.880067447537689,2
0.51,0.9199,42.0,0.0,0.9595638025977468,-0.21622332525020346,0.7168281824295353,0.39405986957891015,0.6176486440869738,0.38235135591302616,2
0.685,0.8757750000000002,42.0,0.0,0.5796040221215041,2.210960710109688,0.7350483174384547,0.42389557277818507,0.9353936642706424,0.0646063357293575,2
0.605,0.878975,41.99,0.019899999999999998,1.0112571944213995,-0.2326077710121294,0.6195612800089475,0.37195780790495,0.6733912396352405,0.3266087603647595,2
0.64,0.9303999999999999,41.24,0.18239999999999998,1.0240053776206937,-0.1999657806033862,0.7112343301195562,0.38170795677247543,0.6862627235613404,0.3137372764386595,2
0.72,0.6916,41.0,0.0,-0.1826256191543716,1.2400144780051834,0.19431805545905814,0.2382987902030262,0.3655277810905553,0.6344722189094448,2
1.93,0.6351,50.605,0.4089749999999999,1.0,2.328362032700776,1e-06,0.3779747176609627,0.2998896557520837,0.7001103442479163,3
2.105,0.6239750000000001,49.0,0.0,1.0,2.4634995505959427,1e-06,0.30175076300684334,0.24496047877155866,0.7550395212284413,3
1.935,0.720775,50.715,0.44377500000000003,1.9743640603720778,0.0,0.6577198721298565,1e-06,0.9800624103922053,0.019937589607794747,3
2.135,0.596775,49.32,0.21760000000000002,2.455050742123144,1.0,0.2993663545007422,1e-06,0.7800415251112538,0.21995847488874617,3
1.835,0.7377749999999997,49.855,0.6939750000000001,2.311997382343416,0.8878514584314259,0.3756537633358891,0.10794528938747618,0.6650642505557623,0.33493574944423765,3
2.015,0.7847749999999999,50.61,0.23789999999999994,1.5406144148586192,3.1115402497108997,0.33292890614113235,0.10663521634861566,0.6980216540992894,0.3019783459007106,3
1.685,0.7557749999999999,51.255,0.409975,2.3177390827489472,0.8398864876774467,0.26336607037302057,0.16450666713204196,0.5718523722466804,0.42814762775331955,3
2.165,0.9377749999999998,50.94,4.346399999999999,2.5634717164719545,1.0,0.6355293714515863,1e-06,0.7451366006344374,0.2548633993655626,3
2.02,0.6396,49.0,0.0,1.6390718409369316,3.000000000000004,0.3697990708701367,1e-06,0.7200967909097292,0.2799032090902708,3
1.985,0.7047750000000002,49.005,0.004975,2.358346894859695,1.0,0.464773950676793,1e-06,0.7251461344134361,0.27485386558656394,3
2.03,0.6091,49.97,0.17910000000000006,3.0000000000000018,1.6434995077997532,1e-06,0.3275112939495408,0.2849246973536609,0.7150753026463391,3
2.175,0.544375,50.17,0.29109999999999997,2.4505589083398047,1.0,0.27232742667358545,1e-06,0.810032597259226,0.18996740274077406,3
1.745,0.859975,51.29,0.6158999999999999,0.8437688107901838,2.318989687121903,0.17356869425117982,0.45038384897464884,0.38908728606741566,0.6109127139325843,3
1.91,0.7119,49.885,0.10177499999999996,2.3820530935302173,0.9089005057432008,0.3118829732131322,0.08546089990774965,0.6795626621140867,0.32043733788591344,3
2.18,0.6976,49.395,0.23897499999999997,1.6791621898378817,3.1035695587517274,0.2703239285183899,0.16998165289340977,0.6483886414151147,0.3516113585848853,3
1.755,0.774975,49.95,0.7774999999999999,2.2662034628196284,0.8523525433515147,0.40191243352579,0.15749671601320336,0.6384318489449053,0.3615681510550946,3
1.96,0.7283999999999999,50.475,0.659375,2.373355398761536,0.8989184259122944,0.36537894789698766,0.09577918038146703,0.7196520391354868,0.2803479608645132,3
2.175,0.724375,49.675,0.21937499999999996,1.0,2.5459448839534824,1e-06,0.379599229158547,0.23994703032675824,0.7600529696732418,3
2.01,0.6899,48.995,0.004975,1.0,2.383335053315443,1e-06,0.42846725023846843,0.2698804258741737,0.7301195741258264,3
1.985,0.7347750000000001,49.0,0.0,2.4069050909718688,1.0,0.45592178591828814,1e-06,0.7001182996072447,0.2998817003927553,3
1.955,0.7229749999999998,49.885,0.10177500000000002,1.53862388844263,3.0000000000000044,0.40256042274805237,1e-06,0.7150794321431444,0.2849205678568557,3
1.86,0.9703999999999999,51.335,7.292774999999999,0.8164260809921661,2.3433657307802314,0.23897145939960496,0.5711164518321687,0.31655850370204186,0.6834414962979581,3
1.885,0.8817750000000001,49.46,0.6583999999999999,1.553038667990547,2.880398130696744,0.574877021954337,0.4807726226340785,0.7499084902497654,0.2500915097502346,3
1.935,0.880775,49.22,0.17160000000000003,2.3072111354435645,1.0,0.7448423390337997,1e-06,0.7152631848433092,0.28473681515669086,3
1.905,0.705975,50.83,0.6910999999999998,2.3540630674176497,0.9071950395577217,0.3347001107000687,0.08724803761044836,0.6896309416126507,0.31036905838734924,3
2.11,1.0679,49.87,4.623100000000001,1.580889072376673,3.103871339626769,0.6390249652640835,0.3598447037947032,0.6525823451781295,0.34741765482187037,3
2.06,0.6864,49.695,0.21197499999999997,1.0,2.472112497695537,1e-06,0.3465873232125013,0.27994633449594386,0.7200536655040561,3
2.045,0.5929749999999998,49.0,0.0,2.421702993955195,1.0,0.27117264464821694,1e-06,0.7350339729487366,0.2649660270512634,3
1.64,0.8403999999999999,50.425,1.0843750000000003,1.3211307687036753,2.9999999999999973,0.5021036866970151,1e-06,0.8100690480519973,0.18993095194800275,3
1.935,0.710775,49.885,0.10177499999999996,2.4039744709295965,0.924060182199658,0.313472893621624,0.07111392359551635,0.6831070052495587,0.31689299475044125,3
2.005,0.924975,50.42,2.1635999999999997,1.5575702638393651,2.9903322342626693,0.5080666895530136,0.4313494308351883,0.6877152343536566,0.3122847656463435,3
1.805,0.8269749999999999,50.905,0.08597500000000004,1.4681891649917054,2.999999999999996,0.5441284761643355,1e-06,0.7801224359361127,0.21987756406388723,3
2.11,1.2079,49.75,5.9075,1.522356014892101,3.1825162020566773,0.6801791084261556,0.39050395980542324,0.6460317566634635,0.3539682433365365,3
2.055,0.591975,49.0,0.0,3.0,1.65970709505058,1e-06,0.3097904938627624,0.29493023762916776,0.7050697623708322,3
2.22,0.7816,50.615,0.736775,1.6535924927166537,2.9639539296436808,0.31865485631105783,0.41481396737303694,0.5677471182213286,0.4322528817786714,3
1.84,0.8044000000000001,50.005,0.4449749999999999,2.3178001173435256,0.8784596329325591,0.4567085124002616,0.12012459877479247,0.6680423273586579,0.331957672641342,3
2.08,0.6536,49.785,0.44877500000000003,1.6618201633512915,3.1005331268544185,0.28095897385411134,0.09474864672101099,0.7093375487279403,0.29066245127205964,3
1.83,0.8911000000000001,49.965,1.363775,1.7817295937975257,4.9999999999999964,0.7493227893610668,1e-06,0.9850011341155658,0.014998865884434203,3
1.695,0.851975,50.71,0.21589999999999995,2.3762598358569518,0.8387967415058634,0.3445429880289496,0.17333384199104954,0.5568935356172005,0.4431064643827995,3
1.725,0.799375,49.875,0.419375,2.9999999999999973,1.3862198723840757,1e-06,0.4650612169422197,0.20992954481129436,0.7900704551887057,3
1.535,1.088775,44.86,0.15039999999999998,1.1933498420812187,3.1326105746877957,0.5015321155053645,0.7366385179352682,0.8238245367555265,0.17617546324447347,4
1.525,0.889375,45.005,0.064975,1.9921810043081787,0.8608945081355218,0.7503460089350487,0.335715847073735,0.5870356396114208,0.41296436038857914,4
1.565,1.075775,44.87,0.11309999999999999,1.4436956939217214,2.9154408196604242,0.6943481721755969,3.334581475105812,0.9175779121283707,0.08242208787162927,4
1.47,1.0491000000000001,45.005,0.004975,0.9717798625833989,2.0033001830725037,0.38099485172247277,1.2141390169242332,0.5170040497308224,0.48299595026917763,4
1.415,0.952775,45.015,0.014775000000000003,0.929283149623324,1.9525331960460928,0.3394321899970788,1.081520550854765,0.5253194934368997,0.4746805065631003,4
1.45,0.9675,44.87,0.12309999999999999,1.2207043417890213,3.2535518367766465,0.4867181210505909,1.0828091724760154,0.8872046925426771,0.11279530745732294,4
1.48,1.0596,44.96,0.038400000000000004,0.8069223060380725,2.1805854186068596,0.3285646717947676,0.858145392761493,0.5100125439757556,0.4899874560242444,4
1.575,1.134375,44.995,0.004975000000000002,1.2085813861476613,3.1450934718888357,0.5240444810765212,0.7091244373651704,0.8107842359723272,0.1892157640276727,4
1.43,0.8650999999999999,45.075,0.069375,0.88633077607581,1.9600377661598305,0.3152525076160857,0.8320578468403103,0.49365215189513734,0.5063478481048628,4
1.465,0.808775,44.98,0.049600000000000026,0.8356109878369327,2.087878539510143,0.24739232821902987,0.5843420705632306,0.4974005264912348,0.5025994735087653,4
1.395,0.8089749999999999,45.025,0.02437499999999999,2.1926583066564715,0.7812298725809056,0.3933920969418104,0.262460646933146,0.4348574200441781,0.565142579955822,4
1.445,0.9469749999999999,45.03,0.02910000000000001,1.2500026592885374,3.044330753343279,0.5811501728039281,1.0776851017932803,0.89132570494908,0.10867429505091993,4
1.44,0.9464,45.065,0.060774999999999996,2.0102897901269388,0.9211735079242755,1.0215278051489611,0.31299130335316594,0.47637382761961006,0.5236261723803899,4
1.57,0.9450999999999999,44.83,0.1711,1.381042696160665,3.039434842925929,0.6072162719673718,1.1357773500210646,0.8860599381105964,0.11394006188940363,4
1.47,1.0191000000000001,45.04,0.0384,2.948836704363107,1.2518824891379547,1.0324101832078625,0.6470025641297964,0.12853470583064977,0.8714652941693503,4
1.44,0.9764,45.06,0.0564,1.9493704234565947,1.0040141392146702,1.2243615917548094,0.3520019059799173,0.461186822421078,0.538813177578922,4
1.41,0.9619,45.085,0.077775,1.1896911385453708,2.9472324638256464,0.5753990418943095,0.9570168707442809,0.8746493989724566,0.12535060102754345,4
1.46,0.9683999999999999,45.01,0.019900000000000004,2.026546816618192,0.929336057221889,1.0558567184734162,0.30423419925375467,0.48364813982510485,0.5163518601748952,4
1.56,1.0963999999999998,44.875,0.119375,1.4088933856433876,2.9553203120493663,0.6710798853777782,2.8660604361240964,0.9022866119462878,0.09771338805371223,4
1.565,1.015775,44.98,0.01960000000000001,0.991542926951128,1.9593607141420502,0.39845613417722786,1.0586314058861641,0.4074741334178989,0.5925258665821012,4
1.545,1.047975,44.93,0.06509999999999999,1.301045147262213,2.967846319696619,0.6581792194321122,0.9498312788759612,0.8536389002045849,0.14636109979541512,4
1.4,0.79,44.99,0.0199,2.1022456636530458,0.7854304204206768,0.45178488667447725,0.27671589778031386,0.46670904117934253,0.5332909588206575,4
1.52,1.1596,44.905,0.09597500000000003,1.2521763287356453,2.999439627389394,0.6185286725759523,1.5634769364860537,0.8467181955514606,0.15328180444853956,4
1.52,0.9696000000000001,44.96,0.0384,1.2569073496886212,2.981053954857953,0.5750536325534761,0.6416019817287766,0.8474070305143574,0.1525929694856427,4
1.445,0.8569749999999999,45.005,0.004975000000000002,1.2256826921838166,3.1145953327008877,0.54069622299409,0.11099711410680266,0.8838922970221906,0.11610770297780933,4
1.49,0.8399,45.0,0.0,0.7904853460725346,2.25221532447644,0.24407168903376045,0.3749842042533901,0.5214474189745499,0.47855258102544995,4
1.495,0.9099749999999999,45.005,0.004975000000000002,2.075258448127461,0.8521333107378434,0.7711506730718117,0.2774737784147064,0.5255935550749595,0.4744064449250404,4
1.52,0.9396000000000001,45.045,0.042975000000000006,2.094686258407841,0.8345834821162929,0.7518961312837408,0.29977749139280035,0.5439369952829354,0.4560630047170647,4
1.465,0.9687749999999999,45.01,0.009900000000000003,2.029260650303427,1.1630833792665294,1.5085090710775446,0.41846993537255284,0.34856216022852515,0.6514378397714748,4
1.485,0.949775,45.02,0.019600000000000006,1.0976950519886557,1.8940424317051394,0.37138091760992187,1.23489362798105,0.5136482421161064,0.48635175788389357,4
1.515,1.119775,44.875,0.109375,1.2993917232962513,3.295235906331664,0.6127107053283268,1.7534427446475214,0.8919713880790857,0.10802861192091434,4
1.52,1.0796000000000001,45.005,0.06497500000000002,1.767151947566246,0.0,0.8183888772717525,1e-06,0.8601410886558856,0.13985891134411438,4
1.47,0.8791000000000002,44.975,0.05437499999999999,2.101549582230344,0.7895378618805194,0.5841526606022486,0.30411833982283687,0.5186402892331247,0.48135971076687534,4
1.465,0.898775,44.99,0.019899999999999987,2.004387400691155,0.8653858647492169,0.8062267018549859,0.31869771511275424,0.5264383904056051,0.47356160959439486,4
1.54,0.9684,44.985,0.014775000000000003,2.2238380414848313,0.788095667827279,0.6002802722024686,0.2936219674715742,0.5237042146058873,0.47629578539411277,4
1.535,1.1487749999999999,44.92,0.09359999999999999,2.1681540790480702,0.8595290705773497,1.0905246683217504,0.32698240846364696,0.5161684401951152,0.4838315598048849,4
1.475,1.0793750000000002,45.065,0.060774999999999996,1.2167198963923618,3.295462639033059,0.5746986474592887,0.8522726128193507,0.8757517713425483,0.12424822865745158,4
1.55,1.0475,44.97,0.029100000000000004,1.3213408884153695,2.8669985086722303,0.7020649045326594,1.0014663334259808,0.8520635433178075,0.1479364566821925,4
1.43,0.8750999999999999,45.07,0.0651,0.8797556794427591,1.9845365944157967,0.3042499337986472,0.8377636402988096,0.5019425905174404,0.49805740948255967,4
1.445,1.1369749999999998,44.97,0.029100000000000015,1.0739749422650973,2.0189126633171672,0.5133299652941067,1.5593386267615525,0.607355014548669,0.39264498545133103,4
2.305,0.8019749999999999,44.415,0.24277499999999996,1.0,2.610943101385826,1e-06,0.4971334152633089,0.18991552285281715,0.8100844771471828,5
2.445,0.8969749999999999,44.245,0.18497500000000003,2.730366742465178,1.0,0.5803265568185866,1e-06,0.8350830864567893,0.16491691354321072,5
2.38,0.7756000000000001,44.12,0.10559999999999997,3.105275467557674,1.734666234691712,0.3308384151835256,0.286840307226312,0.470837164841571,0.5291628351584291,5
2.45,0.8975000000000002,44.73,0.19709999999999997,2.7468332060906477,1.0,0.562712417872822,1e-06,0.8300735267364479,0.16992647326355223,5
2.24,0.7824000000000001,43.995,0.004975000000000002,2.097404815252782,3.9999999999999996,0.5744901293512469,1e-06,0.9250522728689843,0.0749477271310157,5
2.41,0.9419,44.98,0.019600000000000013,2.2816020215134993,4.439459359709436,0.6582252739240926,1.0463977688129023,0.9404974665313875,0.05950253346861251,5
2.315,0.7857749999999999,44.585,0.24277499999999996,1.6916408146196502,3.1522835854901494,0.27691930230832906,0.24628991870388348,0.5732295412595335,0.42677045874046654,5
2.28,0.8416,44.935,0.070775,2.210266537589804,4.999999999999997,0.6686395801279436,1e-06,0.9750035394600209,0.024996460539979122,5
2.48,0.7596,44.155,0.130975,2.4463192660492874,3.5228706440959128,0.689895267472819,1.7952249046921007,0.9687142345107341,0.03128576548926588,5
2.31,0.7839,44.235,0.17977499999999996,3.1039593740783906,1.7266755347009535,0.3594540608929307,0.2923401505175479,0.42353249825593026,0.5764675017440697,5
2.285,0.8037749999999998,44.995,0.05497499999999999,1.6736383148939202,3.1562765431930826,0.2818248735330646,0.2558419886718054,0.5876528249191213,0.4123471750808787,5
2.395,1.108975,44.69,0.21390000000000003,1.5159740734836558,3.0489247219425653,0.296254406846889,0.7111412942255102,0.4265791091187189,0.5734208908812811,5
2.44,0.9764,44.02,0.01960000000000001,2.835862165992101,1.8480717502349553,0.929607843940729,0.4616692286558922,0.5992447793809897,0.4007552206190102,5
2.375,0.954375,44.605,0.24897499999999997,1.6487237500571157,3.0162454140098927,0.33774101927188865,0.621899709384736,0.4689106073511061,0.531089392648894,5
2.485,0.939775,44.035,0.033775000000000006,1.6441241187820255,3.0371139849355466,0.3368025594400609,0.5665955046085206,0.3963517598732492,0.6036482401267508,5
2.25,0.9175,44.915,0.10777499999999998,1.665790421203761,2.95783783516476,0.34684595897247494,0.6943558921412544,0.5478419967536327,0.4521580032463673,5
2.43,0.8251,43.99,0.019899999999999994,2.7022361810725455,0.9999999999999999,0.5187690955106368,1e-06,0.8400714400859375,0.1599285599140625,5
2.32,0.7976000000000002,44.555,0.24697500000000006,1.7207369593587967,3.021115207339073,0.3203329520070914,0.4442716916486172,0.5391625155434826,0.4608374844565175,5
2.455,0.7379749999999998,44.0,0.0,1.719905384667053,3.14054549979547,0.2631824260214712,0.2068526346837923,0.4825609895814461,0.5174390104185539,5
2.34,0.8844000000000001,44.73,0.1971,2.9558658858738807,1.7531976929521167,0.6934786970629304,0.36058494025821036,0.4879170418752854,0.5120829581247146,5
2.415,0.842775,44.34,0.2244,3.0311227416939976,1.7189109693648041,0.4918229058311309,0.3258629152097599,0.5304700394507432,0.46952996054925683,5
2.42,0.9036,44.775,0.17437499999999997,2.304133074601735,4.02077334578591,0.7059185449854891,0.8867545759848937,0.9325036658272421,0.06749633417275801,5
2.335,0.772775,44.89,0.1279,2.91457652986406,1.7287313099862214,0.4946339402239299,0.3447869506190462,0.5112544873910558,0.48874551260894417,5
2.375,0.824375,44.005,0.004975000000000002,1.7031838415891112,3.1234161860454233,0.2968704602808994,0.34910249289763773,0.5269674282287423,0.47303257177125774,5
2.29,0.8259000000000001,44.98,0.029600000000000005,1.7309829051327663,2.912451914475883,0.35602396592403424,0.6136899819558954,0.5268457399673634,0.4731542600326366,5
2.29,0.9059,44.965,0.053775000000000024,1.7448541915054343,2.974455525311981,0.36522849804289337,0.7431326572623346,0.556648326976903,0.44335167302309686,5
2.255,0.8399750000000001,44.895,0.093975,1.6893406680125536,2.9805527668089393,0.3371210306536626,0.5481291494329473,0.5619160225382581,0.4380839774617418,5
2.32,0.7776000000000001,44.68,0.21760000000000002,1.7155647602046,3.0909162221898616,0.2936888530305406,0.33451742462391715,0.5605230688285877,0.4394769311714124,5
2.335,0.7427750000000001,44.0,0.0,1.7076715043377668,3.0723685618755603,0.28824377779473875,0.2707532841441704,0.5403166642756092,0.4596833357243908,5
2.34,0.9444000000000002,44.76,0.20240000000000002,2.664361575424711,1.0,0.6331483497301567,1e-06,0.8051135160688032,0.19488648393119673,5
2.275,0.889375,44.925,0.069375,1.6920148743856371,2.9900884922305973,0.3455034653856971,0.6282515532275319,0.5508843892981775,0.44911561070182243,5
2.36,0.8404,44.535,0.25877500000000003,3.0854676885865615,1.7195646566518872,0.448064430078103,0.3119790732726879,0.46887321308672725,0.5311267869132728,5
2.415,1.0727749999999998,45.0,0.0,1.8002778614478379,2.914707390041442,0.4367320033529575,1.03292724916896,0.448397478010176,0.5516025219898241,5
2.505,1.029975,44.05,0.0475,2.886118998999549,2.123268899733914,1.2815706847472135,0.48677363051302985,0.5004011936729937,0.4995988063270063,5
2.26,1.0024,44.945,0.08197500000000002,2.1052307238551986,4.393394863345687,0.652142593913506,0.9489300826173049,0.9323609379791834,0.06763906202081656,5
2.465,0.7487749999999999,44.24,0.1824,1.7653142827743458,3.116600841648775,0.2692780429727713,0.31482170352929495,0.4822077429612951,0.5177922570387049,5
2.335,1.132775,44.755,0.184975,1.6741776791541236,2.9841487770442634,0.3771141746036942,1.0247227887242332,0.49554435062711977,0.5044556493728803,5
2.34,0.9644000000000003,44.62,0.23559999999999998,3.007521736450232,1.6234585085238997,0.6295395929128788,0.3321143735243671,0.5177086400522756,0.4822913599477245,5
2.315,0.925775,44.835,0.13777499999999998,4.580614918611935,2.212258287045216,1.147547051595838,0.6723900496594651,0.043381014322498836,0.9566189856775011,5
2.495,0.849975,44.455,0.247975,1.839821805609139,2.9248787310240134,0.37417610736052953,0.6957172655131386,0.39618080946273837,0.6038191905372617,5
1.92,0.7135999999999999,44.98,0.019600000000000003,2.295417908834011,1.0,0.5184716347123987,1e-06,0.7101955235651178,0.2898044764348821,6
1.79,0.7559,44.83,0.1411,0.8659006233944946,2.2523209441971006,0.13760340413253447,0.42426013840784255,0.33346376799314614,0.666536232006854,6
2.035,0.863775,44.965,0.03377500000000001,2.437153770814631,1.0,0.6214427409910719,1e-06,0.7201734574396467,0.2798265425603534,6
2.015,0.8347750000000002,44.925,0.06937499999999998,2.4601474868165014,1.0,0.5509014132092421,1e-06,0.6951352580231203,0.3048647419768798,6
2.005,0.7649750000000001,44.91,0.08190000000000001,1.6395296497318526,3.0730911758110917,0.40967997965483405,0.2721581671197981,0.7450612731860186,0.2549387268139814,6
1.98,0.7896000000000001,44.955,0.052975000000000015,1.591369043597646,3.081695257878345,0.412941631898683,0.21547374632045554,0.7392309464341473,0.2607690535658527,6
1.805,1.006975,45.14,0.13039999999999996,1.9406448338847784,0.0,0.8194112140451751,1e-06,0.930103215428016,0.06989678457198392,6
1.845,0.700975,44.975,0.104375,2.2514597914743186,1.0,0.5294891594782747,1e-06,0.6752114656472685,0.3247885343527314,6
1.91,0.9419,44.89,0.1079,2.3377417495768014,1.0,0.8124292166600124,1e-06,0.6802508782340712,0.3197491217659289,6
2.015,0.8347750000000002,44.925,0.06937499999999998,2.4601474868165014,1.0,0.5509014132092421,1e-06,0.6951352580231203,0.3048647419768798,6
1.84,0.7044,44.955,0.04297500000000001,1.5318359329735793,2.999999999999996,0.439095563158096,1e-06,0.7901024320459168,0.20989756795408326,6
1.805,1.026975,45.065,0.080775,1.729172158279887,4.78149745609566,0.8172987816426919,0.1722725394795421,0.9751573524046158,0.024842647595384213,6
1.82,0.7676,44.955,0.04297500000000001,1.4970313509674593,3.0,0.49228308910181523,1e-06,0.7851128503309532,0.21488714966904682,6
1.915,0.917775,45.21,0.17589999999999997,2.3652143431867545,1.0,0.754716668515361,1e-06,0.670224426344774,0.329775573655226,6
1.69,0.6739,45.305,0.31197500000000006,2.252851649742819,0.8497476682245041,0.23431213657175684,0.15117925405516666,0.5988525033378148,0.40114749666218524,6
1.975,0.774375,44.96,0.04839999999999999,1.5967758029276147,2.9333311096419608,0.4059776889605818,0.42694809653303567,0.7170156781598717,0.28298432184012834,6
1.935,0.730775,45.16,0.16440000000000005,1.9844958042008813,0.0,0.6512444438320664,1e-06,0.9750587508947584,0.024941249105241668,6
1.92,0.6335999999999999,45.98,0.019600000000000003,0.9380464760958522,2.362644254202939,0.05834075670007061,0.26232634896460066,0.31071524959915253,0.6892847504008475,6
2.01,0.7498999999999999,44.865,0.11677499999999999,1.6977168521996995,2.854141511727129,0.4889136024916886,0.479197441169379,0.7299580692719607,0.27004193072803934,6
1.905,0.665975,46.0,0.0,1.5498051805249078,3.0000000000000018,0.3669025045822606,1e-06,0.7550709637732281,0.24492903622677178,6
1.97,0.6291,45.415,0.2727749999999999,2.9999999999999996,1.5695314112937346,1e-06,0.30084014576702467,0.27995622683924465,0.7200437731607553,6
1.905,0.8559749999999999,45.02,0.08960000000000001,2.855638261751757,1.6291780216851126,0.6049981674259287,0.590511020005805,0.2248927191475047,0.7751072808524954,6
1.81,0.7139,44.9,0.08999999999999997,2.3528415104246077,0.8956199139351692,0.28803128503539893,0.09879553953260876,0.6274818382239489,0.37251816177605107,6
1.95,0.5875,44.9,0.08999999999999998,1.0,2.376737713291862,1e-06,0.26389868227871455,0.30996297201120765,0.6900370279887923,6
1.815,0.770775,44.89,0.09789999999999999,2.2753904890634495,0.8628016050728717,0.42453299061926975,0.14182505182701238,0.67408033980641,0.3259196601935899,6
1.98,0.7595999999999999,45.265,0.19477499999999995,2.4200424729776713,1.0,0.475799817308432,1e-06,0.6901202031971961,0.30987979680280375,6
1.955,0.6729749999999999,44.985,0.014775000000000003,2.335405310292729,1.0,0.4330469732775495,1e-06,0.71513868683857,0.2848613131614301,6
1.9,0.88,44.83,0.1411,1.5323246366716745,3.0619552902568716,0.5000173866827089,0.3034913159699876,0.7596312793114083,0.24036872068859172,6
1.78,0.8615999999999999,44.845,0.13097500000000004,1.48691846561326,3.042378820387788,0.546488619458991,0.2552922288443229,0.8115789107146846,0.1884210892853154,6
1.85,0.7975,44.805,0.156975,1.4770238352970575,3.0000000000000036,0.4881180531990992,1e-06,0.7551004583346912,0.24489954166530872,6
1.91,0.6119,44.87,0.11309999999999999,1.5845375531163834,2.9999999999999996,0.3339279829214286,1e-06,0.7700663499761664,0.2299336500238336,6
1.87,0.8331000000000001,45.025,0.09437499999999996,2.3523302463316544,0.84829123310404,0.4238520776863286,0.1633134790334664,0.6793100165024384,0.32068998349756156,6
1.88,0.8356,44.965,0.03377500000000002,0.8559016313243129,2.3213258922436006,0.1532201279759238,0.48293717069915265,0.301159127778292,0.6988408722217081,6
1.88,0.7156,44.93,0.0751,2.3130676681593587,0.8922045414079967,0.3688382575176454,0.10301913500593564,0.6952080323531771,0.3047919676468229,6
1.965,0.723775,44.945,0.05197500000000001,1.6161084147349558,2.9152239402258413,0.3801426340952673,0.42522823948016436,0.7314391380757219,0.268560861924278,6
1.905,0.8659749999999999,45.085,0.09777499999999996,2.807539705387678,1.6250050840416257,0.5094298417598577,0.6454836418968937,0.2367752376160124,0.7632247623839876,6
1.67,0.8411000000000002,45.065,0.060775,2.186181352916674,0.8363937729094975,0.5369320639583651,0.20712679114535587,0.6175832697216471,0.38241673027835293,6
2.01,0.7099,44.93,0.06509999999999999,2.485196226085609,1.0,0.33814314143503144,1e-06,0.6800448198430742,0.31995518015692576,6
1.855,0.7939750000000001,45.075,0.13937499999999997,2.306329624143873,0.8725501190104744,0.45266805490363393,0.12831526938611465,0.6852168534087969,0.3147831465912031,6
1.9,0.6199999999999999,45.725,0.19937499999999994,0.9190790998489797,2.3297597752357495,0.07564364226808225,0.25224031996269486,0.3046470989034601,0.6953529010965399,6
2.215,0.6887749999999998,46.0,0.0,3.1300893429172203,1.6902402596430974,0.1272149737028273,0.25522941744468,0.364454682405767,0.6355453175942329,7
2.075,0.699375,47.005,0.004975000000000002,1.6693397906747116,3.0917139869327825,0.3298063340703134,0.17948782370402622,0.7148006407930615,0.28519935920693845,7
2.32,0.8076000000000001,46.435,0.24577500000000008,2.955216960896281,1.7203983062858874,0.5211256079104005,0.33761496796981916,0.4855787458955221,0.5144212541044779,7
2.105,0.633975,46.92,0.08360000000000001,1.687039121773577,3.0859401137247255,0.2594224745096017,0.1408024196973249,0.7012219730836954,0.29877802691630473,7
2.18,0.7776000000000001,45.435,0.2757750000000001,2.129306437932133,4.265312440613516,0.6531144359285804,1.4441963823084176,0.97626712565216,0.02373287434784,7
2.125,0.799375,45.375,0.314375,1.6310526783199908,3.0239780361461044,0.3450145725464249,0.37409889398656127,0.6453885207094697,0.35461147929053033,7
2.11,0.7079,46.0,0.0,2.510098947960378,1.0,0.3588742025429528,1e-06,0.7350511709840116,0.2649488290159884,7
2.175,0.734375,46.0,0.0,1.6662099326073738,3.118202459021096,0.27837933077495486,0.21018636493126533,0.6495918139129235,0.3504081860870766,7
2.235,0.7997749999999999,46.005,0.004975,2.9999999127668904,1.6948528770875655,0.4736738825376534,0.32505705508389054,0.4138592113732915,0.5861407886267085,7
2.115,0.6517750000000001,45.645,0.228975,1.685968912183535,3.066260837796416,0.30948895324192477,0.09768764576462013,0.6891736596764022,0.31082634032359785,7
2.11,0.6478999999999999,45.595,0.24097500000000005,1.0,2.470102902985982,1e-06,0.3287024705003373,0.24495081416039882,0.7550491858396011,7
2.19,0.7239,46.005,0.004975,1.6642835889525955,3.144149922217803,0.2651088203775261,0.14457232424546682,0.6447541245921504,0.35524587540784963,7
2.12,0.8256,46.015,0.104775,3.0192092009494504,1.6248030621664526,0.3783641825142274,0.3813898744021829,0.355131065519935,0.644868934480065,7
2.3,0.77,46.23,0.1771,1.6983287050606781,3.146752620141472,0.27446115587201814,0.24093444932489427,0.584602761198015,0.41539723880198504,7
2.375,0.864375,46.245,0.18497499999999995,3.0584515926579185,1.7366360843386863,0.5363881534327891,0.32692698448861335,0.4829447919498473,0.5170552080501527,7
2.265,0.874775,46.355,0.22897499999999998,2.9719427901591033,1.6916379124458671,0.6268471481701009,0.3417790633180849,0.44783246360680823,0.5521675363931918,7
2.265,0.944775,46.0,0.0,1.6649390907621422,2.9960947804088693,0.3474134893630787,0.6993821623217794,0.5492180862802724,0.45078191371972764,7
2.105,0.6539750000000001,46.88,0.10559999999999999,2.4349136687246684,1.0,0.37583202471774446,1e-06,0.7700811721879451,0.22991882781205492,7
2.25,0.7275,46.345,0.22597500000000004,3.112287663442245,1.6769211800604669,0.1755577165039299,0.27174593680036874,0.399256097013869,0.600743902986131,7
2.085,0.837775,46.355,1.088975,2.800574502384335,1.69641700392186,0.6685380860272616,0.5006215173214085,0.35192714501258787,0.6480728549874121,7
2.26,0.7524000000000001,46.175,0.144375,1.696150530407234,3.175208320019973,0.2665011248820997,0.18743998649647264,0.6187779317666842,0.38122206823331584,7
2.07,0.8251,45.99,0.6099,1.6271877592609663,2.895541072215305,0.4434707149521802,0.4895019400306713,0.6508762690834131,0.34912373091658694,7
2.205,0.662975,46.0,0.0,1.7027319927959486,3.1218004260102847,0.24907866682844948,0.11746901988023374,0.6460579381176417,0.35394206188235844,7
2.225,0.744375,46.3,0.20999999999999996,1.688089308168529,3.130947394873076,0.2756807413105218,0.22806768474337918,0.6278839223490342,0.3721160776509657,7
2.13,0.7530999999999999,45.375,0.234375,4.325011141367249,2.0752030561371946,0.3419472768547515,0.6400825626421379,0.02435627475185161,0.9756437252481484,7
2.145,0.7939750000000001,46.065,0.060775,2.5264751128572893,1.0,0.47618923861735973,1e-06,0.7500941157545385,0.24990588424546142,7
2.09,0.7019,46.475,0.249375,1.6259373388496334,3.123306211430296,0.2686347992947922,0.11939364380518641,0.6900812687854444,0.3099187312145557,7
2.215,0.8287749999999998,46.365,0.23177499999999995,2.547540647060606,1.0,0.5409882390900544,1e-06,0.7851166961641802,0.21488330383581986,7
2.125,0.669375,45.715,0.25377500000000003,1.6543509347702872,3.105058844562676,0.2603562247027816,0.09932161292462101,0.675572827546607,0.324427172453393,7
2.08,0.6835999999999999,45.855,0.12397499999999996,1.645858439678213,3.0849661372984385,0.29398032910256966,0.1392541141937213,0.6983258716219042,0.3016741283780958,7
2.185,0.8607749999999998,44.955,0.042975000000000006,2.9736012990266443,1.63588692148875,0.5686907519029557,0.3296021998480015,0.4104860407659743,0.5895139592340257,7
2.11,0.6979000000000001,46.185,0.44077500000000014,2.4603600439373374,1.0,0.40653412297139174,1e-06,0.7600865311319271,0.2399134688680729,7
2.01,0.6799,46.065,0.060775,1.608291694186383,3.125933511541793,0.27093342730746933,0.12241317264778703,0.7353075665023373,0.2646924334976626,7
2.19,0.7139,46.45,0.24749999999999997,3.0511149155372994,1.6743001301849503,0.24001993041396688,0.2876731410064891,0.3745600899274685,0.6254399100725315,7
2.24,0.7624000000000001,46.0,0.0,2.963759041671758,1.6888771881620728,0.4148835610708301,0.32440959956929755,0.432293243739184,0.567706756260816,7
2.115,0.6417750000000001,45.49,0.2798999999999999,1.6812223168874643,3.111733920203971,0.254279746711391,0.10632505943448527,0.6967674487177412,0.30323255128225884,7
2.2,0.7900000000000001,45.965,0.06377500000000001,2.558271701605432,1.0,0.4675785494591416,1e-06,0.770083932579719,0.22991606742028112,7
2.105,0.6239750000000001,46.6,0.24,3.059488932026605,1.6551487578769746,0.056120969778427884,0.2598622660299819,0.32032925526425604,0.679670744735744,7
2.22,0.8116,46.25,0.1875,3.00150991890375,1.676553125466369,0.4767010990675494,0.32444028214326437,0.4101619594128393,0.5898380405871607,7
2.29,0.7759,46.165,0.13777499999999998,2.6023370791302134,1.0,0.46329399575741986,1e-06,0.8050740489012735,0.19492595109872643,7
1.895,0.7339749999999999,51.0,0.0,2.9999999999999964,1.5268520802244974,1e-06,0.4361748337562287,0.24990560339087114,0.7500943966091288,8
2.265,0.8247749999999999,50.115,0.12177499999999998,3.093262803572888,1.6584074292527244,0.3493121991352918,0.3026175170712964,0.4227552000038206,0.5772447999961794,8
1.95,0.6475,51.005,0.004975,1.0,2.356954844335239,1e-06,0.3726535069820973,0.2999030115365425,0.7000969884634576,8
1.96,0.7284,50.19,0.15390000000000004,2.3838765168664917,0.9259033720131602,0.3804144183265462,0.06967009055714402,0.7092700106563808,0.29072998934361916,8
1.94,0.7163999999999998,51.0,0.0,0.9005564813654698,2.350939037443926,0.09406455302515326,0.3664199345440846,0.2833314808715183,0.7166685191284817,8
1.92,0.6735999999999999,51.01,0.009900000000000004,2.3754003435410205,0.9220299283525155,0.28582963333403205,0.07294789913834727,0.6866591346694284,0.3133408653305716,8
1.93,0.6650999999999999,51.0,0.0,0.883327668223224,2.355026022625414,0.11179664374766302,0.2642732047800519,0.2887996859914005,0.7112003140085994,8
2.0,0.69,50.96,0.34840000000000015,2.868302396920184,1.6770737271114966,0.3404152086855075,0.43533477790848374,0.2710867200168743,0.7289132799831256,8
1.995,0.704975,50.95,0.04750000000000001,1.0,2.3817022315900855,1e-06,0.44465399602822314,0.27987378376385735,0.7201262162361426,8
1.935,0.6407749999999999,51.0,0.0,2.346251992996327,0.8968963377401628,0.2600373981143007,0.09727476034815308,0.71625184508378,0.28374815491621996,8
1.965,0.643775,51.0,0.0,2.389191611150714,0.9329868400927758,0.26482258217705,0.06290695054565405,0.7087005759206966,0.29129942407930354,8
1.93,0.6650999999999999,51.0,0.0,0.9192565385201151,2.3691341288761603,0.07552536809033132,0.284561102279438,0.30287669234774606,0.6971233076522539,8
1.855,0.7939750000000001,52.73,0.8471000000000001,1.0,2.2662063071093757,1e-06,0.6551607379438003,0.32475458762176135,0.6752454123782388,8
1.92,0.7535999999999998,50.995,0.024974999999999997,1.5596776506279795,3.075829758326849,0.39091084355002326,0.16461240498642307,0.7623441951883718,0.23765580481162815,8
1.93,0.6850999999999999,50.995,0.004975,0.8843388201007841,2.3591182943669544,0.1108841564287542,0.28789317846884105,0.290971159996974,0.709028840003026,8
2.09,0.7419,50.865,0.11677500000000002,1.601102397582016,3.07947065287788,0.3266960211148984,0.11942453678642705,0.6692991745009167,0.3307008254990832,8
1.935,0.770775,51.0,0.0,2.8661422648781376,1.606870197720078,0.43913542398891325,0.4744397592475886,0.26057101625421175,0.7394289837457882,8
2.39,0.8878999999999999,50.815,1.0307750000000002,1.6654972600117748,3.214506101022118,0.2861507305158068,0.2955438250737939,0.5322797902717825,0.4677202097282174,8
1.95,0.6074999999999999,51.02,0.019600000000000003,1.6185656441699028,3.0000000000000004,0.3414046428841574,1e-06,0.7600795474418761,0.2399204525581239,8
1.905,0.705975,51.01,0.009900000000000003,0.8905393555129688,2.3568656411538025,0.1042883622409005,0.31139995738241455,0.30816172742639125,0.6918382725736087,8
1.935,0.740775,51.005,0.004975000000000001,2.3912590131434803,0.8591093486688508,0.2960132707263624,0.14113210978039958,0.7022098925956224,0.29779010740437756,8
1.86,0.7003999999999999,51.01,0.009900000000000003,2.3596698899746356,0.9003024222618118,0.2869515953437907,0.0939466393411086,0.6576120127182649,0.34238798728173525,8
1.93,0.7051000000000001,51.0,0.0,2.333893142369133,0.9003390040024786,0.3656807367342689,0.09432391608771748,0.718257489159555,0.28174251084044505,8
1.965,0.653775,51.025,0.024374999999999987,2.3307899793791997,1.0,0.41480433370207637,1e-06,0.7251332027989592,0.27486679720104085,8
1.94,0.7363999999999998,51.015,0.04477500000000003,2.3235959503924533,1.0,0.5291856533342432,1e-06,0.7101865185680599,0.2898134814319401,8
1.825,0.844375,51.0,0.0,1.47428207719366,2.999999999999996,0.5613112483203629,1e-06,0.7701292502605951,0.22987074973940502,8
1.87,0.7230999999999999,51.0,0.0,2.3249691344338186,0.8799021442255768,0.34428400653347313,0.11671983816331423,0.6851570636401749,0.3148429363598251,8
1.965,0.773775,51.0,0.0,1.7737844904496252,2.6716327488435065,0.5570201370065141,0.9403435855797933,0.7870291468934533,0.21297085310654684,8
1.89,0.6779,51.01,0.009900000000000004,2.358221111893158,0.8935200517839252,0.263253372000639,0.10081927564746081,0.6803299153355963,0.31967008466440366,8
1.995,0.664975,50.995,0.004975000000000002,2.401248785595248,1.0,0.3672231827373262,1e-06,0.7100809008568209,0.28991909914317915,8
1.855,0.853975,51.0,0.0,1.8071095993943576,4.9999999999999964,0.7140710803427964,1e-06,0.9850009256200718,0.0149990743799282,8
1.88,0.6856,51.005,0.004975,1.0,2.2937971902706784,1e-06,0.47261698703314114,0.319831572817148,0.680168427182852,8
2.025,0.634375,50.48,0.24959999999999993,3.0000000000000036,1.6553723870673616,1e-06,0.37785939433213406,0.27489217786215064,0.7251078221378493,8
1.905,0.765975,50.995,0.024974999999999997,1.0,2.35040548714919,1e-06,0.5414808237375448,0.32983092218432375,0.6701690778156763,8
2.005,0.664975,51.005,0.004975,3.0000000000000004,1.6182460585748826,1e-06,0.3890512896361192,0.27990073328557236,0.7200992667144277,8
1.925,0.739375,50.995,0.024974999999999997,1.0,2.3305958345852305,1e-06,0.52389448840437,0.30482271478901946,0.6951772852109805,8
1.92,0.6935999999999999,51.0,0.01,2.3526912256706596,1.0,0.43451493444231765,1e-06,0.6801256506590151,0.3198743493409849,8
2.0,0.59,50.785,0.17877500000000004,2.3512108063910513,1.0,0.3226555388538175,1e-06,0.7400769704254369,0.2599230295745631,8
1.98,0.8196000000000001,51.0,0.0,2.665374520654202,1.7993184540213112,1.1916127070361022,0.5650492340740095,0.2086256917305079,0.7913743082694922,8
1.935,0.7007750000000001,51.0,0.0,2.3450491616906426,1.0,0.45656827633879216,1e-06,0.695141877806731,0.304858122193269,8
2.515,0.969775,47.125,0.259375,2.3747220493197103,4.244155376700446,0.6733181270164519,1.3915638957083698,0.9249623141806128,0.07503768581938722,9
2.105,0.6839750000000001,47.605,0.27897500000000003,2.47320483892028,1.0,0.36944698053945857,1e-06,0.7500654157570242,0.2499345842429758,9
2.235,0.689775,47.73,0.3871,1.7187751862813883,3.153798255701291,0.24886742940591783,0.15602660077916355,0.6402672370087475,0.35973276299125234,9
2.11,0.6179000000000001,47.955,0.042975000000000006,1.6749634408466123,3.0796204343022087,0.250659957349478,0.07443295645064578,0.6902898279222219,0.30971017207777796,9
2.05,0.7475,48.27,0.3771,1.6232475144281497,2.9607673674635873,0.37617395657559644,0.3218109647390001,0.68093745703785,0.3190625429621499,9
2.11,0.7278999999999999,47.12,0.1656,2.4798288415650758,1.0,0.4231387073005912,1e-06,0.7500867457253091,0.24991325427469085,9
2.11,0.6379,47.99,0.0499,2.441432646338265,1.0,0.35063242936085526,1e-06,0.7700671986441968,0.22993280135580316,9
2.14,0.7103999999999999,48.17,0.1411,1.6449922813890323,3.0891682561813214,0.2952440893651618,0.13569079922365626,0.6572386417921374,0.3427613582078626,9
2.165,0.7177749999999999,46.98,0.03959999999999999,1.7013015927305357,3.0192925454915254,0.3047266642936552,0.3528056244847545,0.6481778525883781,0.351822147411622,9
2.23,0.7371000000000001,48.275,0.239375,3.160136046870012,1.6812253193613158,0.1644477349589503,0.26337422445680714,0.3710668064211848,0.6289331935788152,9
2.135,0.7367750000000001,46.995,0.004975000000000002,1.7162768044442889,2.8741312855718513,0.38801970134041985,0.49659506409464743,0.6383628492347823,0.3616371507652178,9
2.18,0.8275999999999999,46.995,0.024974999999999997,1.6223058255619556,2.9584315304861515,0.36335268902502843,0.43551808144076026,0.5826035137392379,0.41739648626076215,9
2.1,0.9,46.995,0.004975,2.5381956620472934,1.0,0.5844940570041472,1e-06,0.7151235874218562,0.28487641257814383,9
2.195,0.8569750000000002,47.525,0.28937499999999994,1.6167596863180027,2.9844147812715582,0.36114021040179994,0.45424481987736876,0.5772031151599427,0.42279688484005734,9
2.17,0.7311000000000001,47.185,0.18077500000000002,3.0408448020719154,1.7188347029534436,0.40240635914715084,0.30494529387853836,0.3412722015871146,0.6587277984128853,9
2.095,0.7059750000000001,47.755,1.0549750000000002,1.6678701065865882,2.9937504908081265,0.30833414831262385,0.3510432278801917,0.6778518646957802,0.32214813530421976,9
2.1,0.71,47.325,0.28937499999999994,1.682074433755887,2.8705075110129665,0.3377400858889058,0.4806223675513573,0.6483389984325499,0.35166100156744995,9
2.3,0.91,47.33,0.5610999999999999,2.185700301484675,4.2669444346620935,0.7056668879813575,0.3326253105071476,0.9450810711279609,0.05491892887203906,9
2.065,0.680775,46.985,0.024774999999999995,3.114618443539836,1.6266652117448543,0.10956605322637825,0.26709929657835646,0.2945890898239876,0.7054109101760123,9
2.16,0.7044,47.89,0.09789999999999999,3.1245251498093847,1.6524192142278447,0.12079085780359587,0.2643128023048163,0.34479908918486984,0.6552009108151302,9
2.065,0.690775,46.99,0.019899999999999998,2.0362082692878274,4.295782319830552,0.630372550441463,0.3302153824310029,0.987257894599536,0.012742105400464053,9
2.305,0.9019749999999999,47.25,0.5275,1.6548408027200336,3.0541277895540992,0.3245245734096933,0.5190835226037367,0.5353639364924156,0.46463606350758424,9
2.32,0.9076000000000001,47.155,0.6309749999999998,2.681356106745498,1.0,0.548492402063844,1e-06,0.7850805636618216,0.21491943633817856,9
2.175,0.894375,46.97,0.0591,2.5664191276305246,1.0,0.5791861722182885,1e-06,0.7501185214568907,0.24988147854310927,9
2.105,0.7739750000000001,47.17,0.21109999999999998,1.6673484398885723,3.02091773479187,0.35152623408500205,0.4183212783289935,0.6766685224322426,0.3233314775677573,9
2.235,0.689775,47.73,0.3871,1.7187751862813883,3.153798255701291,0.24886742940591783,0.15602660077916355,0.6402672370087475,0.35973276299125234,9
2.475,0.989375,47.065,0.10077500000000005,3.1274532566451714,2.281119083277774,1.873348854725823,0.5626094168242861,0.2290831716635207,0.7709168283364793,9
2.12,0.6556000000000001,47.68,0.2576,1.0,2.454412695062937,1e-06,0.3649777906274529,0.22992971403379114,0.7700702859662089,9
2.09,0.8019,46.97,0.0691,1.6256640325169163,3.0798800823839465,0.3056164745715539,0.42039011129023574,0.6806967111073059,0.3193032888926941,9
2.095,0.825975,46.995,0.024974999999999997,1.6369966096202229,2.983220635891748,0.4267656172753468,0.4044335134835859,0.6597866466190979,0.3402133533809022,9
2.09,0.6618999999999999,47.495,0.24997499999999995,1.6717747667890368,3.0000000000000004,0.4106051007235859,1e-06,0.6851247644197266,0.31487523558027347,9
2.09,0.7319,48.0,0.0,1.6446070420872207,3.1060062776948305,0.30953628673044536,0.21058569642556488,0.6952284173546877,0.3047715826453124,9
2.115,0.721775,48.0,0.0,2.486509736576437,1.0,0.41001324016901036,1e-06,0.7500791771252995,0.24992082287470047,9
2.175,0.714375,48.0,0.0,2.4966477348142617,1.0,0.4285376254803392,1e-06,0.7850878818493779,0.21491211815062194,9
2.125,0.759375,46.975,0.04437499999999999,1.6375893631283231,3.0356263672810972,0.3034704715754938,0.3380522038562609,0.6513607040272483,0.34863929597275156,9
2.06,0.7763999999999999,46.99,0.01989999999999999,3.0244434627048458,1.577434002620728,0.3370575973908085,0.2979519652231425,0.3334919436886183,0.6665080563113818,9
2.3,0.89,47.34,0.5644,2.1948803454469332,4.302184782276683,0.6970650728020998,0.3455849936521203,0.9501165314722135,0.04988346852778654,9
2.155,0.700975,47.995,0.05497500000000004,1.670366676375847,3.04260095195636,0.28829121430885374,0.23880749478793634,0.6468290201983673,0.35317097980163276,9
2.08,0.6935999999999999,47.1,0.11999999999999997,2.430272457232642,1.0,0.41756870776013727,1e-06,0.7551008862252951,0.24489911377470486,9
2.05,0.6274999999999998,47.995,0.004975000000000002,2.4382717033752868,1.0,0.30109936140256766,1e-06,0.7300428684899358,0.2699571315100641,9
1.86,0.7803999999999999,44.335,0.22277499999999997,2.3079320925351277,0.8879104688211527,0.45369769972488716,0.10901508782550921,0.6845596679270345,0.3154403320729655,10
1.945,0.7219749999999999,44.42,0.24359999999999998,2.3894687529278222,1.0,0.4439723317043309,1e-06,0.6801160501153716,0.3198839498846284,10
2.0,0.72,44.065,0.060775,1.6153100937870783,3.091245474152627,0.33313112337936296,0.20682256740599078,0.7393585712962298,0.2606414287037703,10
1.95,0.7675,44.31,0.21390000000000003,2.3999808659137987,0.8884034790894981,0.3672369421814098,0.10712014867893198,0.702310401150436,0.29768959884956403,10
1.905,0.765975,44.41,0.24189999999999998,2.999999999999998,1.5304230184263201,1e-06,0.47753058545005167,0.2548876215879274,0.7451123784120727,10
1.8,0.76,44.99,0.019899999999999994,2.279451560872441,0.8809350446820791,0.4248904753884891,0.11704982147078927,0.6571713273873292,0.34282867261267075,10
2.095,0.6859750000000001,44.04,0.06839999999999997,2.4696681366960114,1.0,0.37005322338867447,1e-06,0.7450661633460254,0.25493383665397473,10
1.855,0.713975,44.56,0.24640000000000006,2.2853499564935067,1.0,0.5201930824802903,1e-06,0.6651884925818018,0.3348115074181981,10
2.1,0.69,44.125,0.109375,1.6906413009358459,2.9904061135813116,0.3083534999285876,0.362813271822499,0.6850517146783136,0.31494828532168645,10
1.905,0.8559749999999999,44.305,0.21197500000000005,1.8578719511874713,4.9999999999999964,0.7209277010719483,1e-06,0.9850012322603022,0.014998767739697749,10
1.775,0.884375,45.01,0.04989999999999999,1.523973285969795,2.8159241375926367,0.5719614725099261,0.8350321187247831,0.8056994863892152,0.19430051361078474,10
1.93,0.8651000000000001,44.1,0.08999999999999998,1.0,2.347390139794272,1e-06,0.6909762325229085,0.3097767509698408,0.6902232490301592,10
2.09,0.8219,44.445,0.24697500000000006,2.929573927809037,1.649214129122441,0.5282843455543492,0.4116885775888483,0.34426719062073,0.6557328093792699,10
1.895,0.873975,44.05,0.0775,2.3060902898165856,1.0,0.7384880771292645,1e-06,0.6852512471597083,0.31474875284029163,10
2.07,0.6951,44.155,0.13097500000000004,4.476726071865422,2.050367083267293,0.37226827142136976,0.6500980105426876,0.008091513590926962,0.991908486409073,10
1.98,0.6796000000000001,44.195,0.156975,2.3800751983312893,1.0,0.4049070441583166,1e-06,0.7101062327509123,0.2898937672490876,10
1.87,0.8430999999999998,44.93,0.06509999999999999,2.2512950282775273,1.0,0.7354939881206373,1e-06,0.6952796745285573,0.3047203254714426,10
1.895,0.9739749999999999,45.0,0.0,1.6309747660616722,2.8932870623209452,0.6189195450745086,1.0563047134589747,0.7908400047114013,0.2091599952885988,10
2.0,0.8,44.465,0.27877500000000005,1.6609054583996419,3.036915029027112,0.49079185583121343,0.31872465957726775,0.7535667274132911,0.24643327258670894,10
1.92,0.7935999999999999,44.0,0.0,1.6522040797089372,2.787705565092612,0.5835318873189766,0.4889806656532845,0.7641606605203387,0.23583933947966126,10
1.97,1.0891,44.525,0.249375,1.0,2.3656611400062526,1e-06,0.9930037581125888,0.28972131403287993,0.7102786859671201,10
1.925,0.779375,44.465,0.25877500000000003,2.7856909785037014,1.6778857213199359,0.5723064190635709,0.5650735611338473,0.22306653365075185,0.7769334663492481,10
2.1,0.62,44.025,0.054375,3.0749423772104363,1.6856731316159679,0.12016154002358226,0.25680907373014905,0.29823367190910555,0.7017663280908945,10
1.78,0.7816,45.0,0.0,1.883454644035526,0.0,0.6321759206814193,1e-06,0.9450718686732684,0.054928131326731605,10
1.885,0.6817750000000001,44.0,0.0,1.523305299808471,3.0,0.3688242537883105,1e-06,0.7550646723763454,0.2449353276236546,10
2.015,0.874775,44.185,0.150775,2.8002663446403293,1.7085704874618621,0.6981714541156796,0.6091634441399473,0.28069128459470194,0.7193087154052981,10
1.77,0.9471,44.99,0.009900000000000003,1.5196448192134446,2.8443298142904196,0.6303227225918498,0.8833185241071411,0.8110077628138254,0.1889922371861746,10
2.135,0.766775,44.225,0.174375,1.653599974940068,3.1548761356226844,0.3289114143333278,0.16330384844946216,0.6793394595428436,0.3206605404571564,10
1.875,0.799375,44.28,0.20160000000000003,2.315373967942102,1.0,0.6224326214081238,1e-06,0.6652100629366524,0.33478993706334764,10
2.02,0.7196000000000001,44.365,0.23177499999999995,1.6070651095766533,3.084549697750887,0.3274139110039029,0.15780691551815057,0.7205149253478004,0.2794850746521996,10
1.91,0.7119,44.0,0.0,2.999999999999997,1.5753894412526779,1e-06,0.4537518674835435,0.23487861766344742,0.7651213823365526,10
1.95,0.9375,44.37,0.2631,2.280314374805723,0.855441755101323,0.6977199367522797,0.17245416962844062,0.768179716391596,0.23182028360840407,10
1.79,0.8859,44.995,0.004975000000000001,2.252710639050554,0.8449236316214835,0.5769347125497855,0.1864916576672043,0.6713205643973319,0.32867943560266816,10
1.835,0.7077749999999999,44.415,0.24277499999999996,2.3278199749287576,0.8876482320611295,0.3102942254099463,0.10750913838487064,0.6578047185209518,0.34219528147904826,10
1.85,0.7475,44.37,0.23309999999999997,2.2682372882291912,1.0,0.5848796674473142,1e-06,0.6702215806845053,0.3297784193154948,10
2.03,0.8090999999999999,44.065,0.060775,1.7321412080253369,2.733337832165871,0.5099159476448468,0.811391084824468,0.702497207049259,0.297502792950741,10
1.915,0.7277750000000001,44.28,0.20160000000000003,1.581950448170873,3.000000000000003,0.4788916724599621,1e-06,0.7651354627209378,0.23486453727906223,10
1.765,0.709775,45.0,0.0,2.242320407118372,0.8814059801658186,0.38096404094508,0.11596202644687446,0.6492649371149513,0.35073506288504874,10
1.785,0.938775,45.01,0.049899999999999986,2.197897320305118,1.0,0.9379478929032177,1e-06,0.6553149311662635,0.34468506883373645,10
1.905,1.0259749999999999,44.95,0.04750000000000001,0.8536903130374783,2.223936819186238,0.24780592553261616,0.8250281331048176,0.23275871732207315,0.7672412826779268,10
1.395,0.748975,53.805,0.6369750000000001,0.8125976377914408,2.174994239772521,0.22990969992948057,0.38148462519213105,0.5725162839061105,0.4274837160938895,11
0.58,0.7136,56.055,0.06197500000000001,-0.9999999999999999,0.7751982962860299,1e-06,0.4552457627101115,0.10995858698964088,0.8900414130103591,11
1.265,0.7847749999999999,55.315,0.235775,0.7314483899885421,2.251621672475032,0.26027016500981975,0.2548346912750956,0.64901921632332,0.35098078367668,11
0.755,0.8049749999999999,57.22,0.34159999999999996,0.654657811994636,1.8741502252530355,0.6708963339047215,0.9356164745941548,0.917718071129891,0.08228192887010902,11
1.315,0.7557749999999999,54.76,0.18239999999999995,1.1173827594843961,2.999999999999998,0.47237586556717875,1e-06,0.8950305796299404,0.10496942037005963,11
1.175,0.744375,54.73,0.39709999999999995,1.0718202385736573,3.0113268326804845,0.541620727914504,0.7913155343868127,0.9468010257145525,0.05319897428544744,11
1.24,0.6524000000000001,54.755,0.30497499999999994,2.191476579634832,0.7821061746158018,0.20272689209634648,0.22346263621312096,0.3248924652834708,0.6751075347165292,11
1.105,0.763975,54.87,0.7131000000000003,1.4163670796621015,0.0,0.5382389183908721,1e-06,0.7801649839698452,0.2198350160301548,11
0.65,0.8875,55.515,1.179775,1.1456844886484558,-0.24998741995123408,0.5109359455222102,0.31512256909159847,0.6448416812044411,0.355158318795559,11
1.25,0.7375,55.23,0.3570999999999999,1.5430402228486635,0.0,0.45822188071268877,1e-06,0.8100890576217964,0.1899109423782036,11
0.6,0.85,55.945,0.5119750000000001,0.8180495550977723,-0.9999999999999999,0.5694149295109177,1e-06,0.8800640199897924,0.11993598001020749,11
0.965,0.663775,54.9,0.08999999999999998,1.815565097041661,0.8197097546157551,0.5610304177440342,0.5366385365363642,0.14589492991052153,0.8541050700894784,11
1.38,0.7955999999999999,54.395,0.25897499999999996,0.7842071265855342,2.2496651373221517,0.24284689275398283,0.3279856993016386,0.5934425489850864,0.40655745101491353,11
1.17,0.6411000000000001,54.505,0.549975,1.0428176431026384,2.9999999999999982,0.4367374590193457,1e-06,0.9350176254914853,0.06498237450851478,11
1.325,0.759375,53.915,0.08777499999999998,0.7793231476059234,2.2129101904737705,0.24699827525043935,0.32020623224262135,0.6193625946126933,0.38063740538730684,11
0.965,0.533775,55.24,0.18239999999999995,1.2695609043459744,0.0,0.31558059188353993,1e-06,0.7601053220027503,0.2398946779972497,11
1.24,0.6424000000000001,54.855,0.133975,2.137450578831884,0.7935666513124339,0.2652596078874317,0.23005393714690017,0.3321963597790716,0.6678036402209285,11
1.33,0.8710999999999999,54.08,0.44359999999999983,1.9452030098343465,0.8805730793085799,0.9403663878598711,0.3420269047003868,0.4221437964546725,0.5778562035453274,11
1.25,0.7475,53.865,1.006775,1.0875041794168392,2.9999999999999996,0.5061373513501382,1e-06,0.9150346793784823,0.08496532062151775,11
0.97,0.6291,55.36,0.2303999999999999,1.284481369272567,0.0,0.4291145395771665,1e-06,0.7551686020555789,0.24483139794442116,11
1.09,0.7719,54.94,0.8664000000000001,1.0067198709070915,3.090679192162672,0.5899800201009965,0.972943448616449,0.9600375457219901,0.03996245427800991,11
0.78,0.8215999999999998,55.585,0.8427749999999997,-0.2113429574628132,1.135230402946927,0.31390521001083177,0.5251811056033293,0.26380323077150214,0.7361967692284979,11
0.925,0.709375,55.625,0.264375,1.3052700954062153,-0.15513107417900598,0.3459361794615357,0.16427715094231582,0.7396125781560305,0.2603874218439694,11
1.285,0.763775,54.41,0.37190000000000006,0.8486197875565428,2.0313441871785174,0.35001570388345665,0.5887137023931036,0.6310381247034965,0.3689618752965035,11
0.83,0.8211000000000002,55.825,0.15437499999999996,1.2485733315292014,-0.22871702763525634,0.4177041390705868,0.27739901550771046,0.7166614342721742,0.2833385657278258,11
0.92,0.6736,55.155,0.14097500000000004,1.2599141846306725,0.0,0.4942145958866702,1e-06,0.7302084627848573,0.2697915372151427,11
0.665,0.7327750000000001,56.035,0.6937750000000001,-0.19369847447764943,1.1388405535289319,0.24240479055858571,0.37195793328333165,0.3555922517614931,0.6444077482385069,11
1.46,0.8384,54.73,1.6970999999999998,2.087088653803989,0.7802101968320889,0.5154414330398546,0.30009975867954974,0.5201629880279895,0.4798370119720104,11
1.325,0.759375,54.53,0.24910000000000004,0.0,1.5678443649383225,1e-06,0.5178111437989825,0.15489060672669258,0.8451093932733074,11
1.405,0.780975,54.0,0.01,1.633536676732841,0.0,0.534686003632668,1e-06,0.8600970030315294,0.13990299696847064,11
1.335,0.772775,54.475,0.249375,2.201965388197885,0.765212336538042,0.3123735852925986,0.2567178670680143,0.39658009621326157,0.6034199037867384,11
0.635,0.7717750000000001,55.67,0.7710999999999999,-0.2274620348796171,1.1755598620418584,0.264477318287845,0.33131505568599495,0.38528255562365765,0.6147174443763423,11
0.62,0.7356,56.0,0.0,-0.9999999999999998,0.799903819692946,1e-06,0.49348108810677793,0.0999519072767106,0.9000480927232895,11
1.135,0.626775,54.425,0.25437499999999996,0.7401152414650072,2.1648077174557185,0.23983502187291317,0.1687080720691352,0.7228280732932251,0.27717192670677493,11
1.355,0.6989750000000001,54.61,0.31790000000000007,0.8043499374173275,2.188274972861105,0.21435850551474084,0.2791366412682721,0.6021099058981226,0.39789009410187737,11
1.175,0.724375,54.705,0.357975,0.0,1.4685304471521456,1e-06,0.4742759991958557,0.1998803958892214,0.8001196041107786,11
0.625,0.684375,56.01,0.009900000000000003,1.1797722977545484,-0.1965650049350765,0.24029333928978597,0.21126961801476077,0.5969212658332975,0.40307873416670253,11
1.315,0.7557749999999999,53.815,0.150775,2.2333283751111788,0.7578334408753052,0.24183633094690682,0.24549612680143637,0.3776133324464712,0.6223866675535288,11
1.35,0.7175,54.35,0.2275,0.7787409070810781,2.2102179076790045,0.22902790060443953,0.2216752945817969,0.6009303029805516,0.39906969701944833,11
1.1,0.58,54.435,0.31577500000000003,0.7420117682646226,2.091612713668587,0.275246309460331,0.08587753288416637,0.7347451237682521,0.2652548762317478,11
